Time,C1_Voltage,L1_Current,VDC1_Voltage Difference
0,2.1277084490017E-08,0.021276595,1
0.1,0.000807045628981318,0.048421036,1
0.2,0.00234689286404037,0.076250347,1
0.3,0.00457795092800564,0.103066539,1
0.4,0.00746091929788136,0.128356941,1
0.5,0.0109554062585792,0.15200985,1
0.6,0.0150210210185083,0.174047146,1
0.7,0.0196184467124314,0.194533246,1
0.8,0.0247099920141175,0.213544204,1
0.9,0.0302597956824553,0.231157314,1
1,0.0362338585797285,0.2474477,1
1.1,0.0426000009342257,0.262487283,1
1.2,0.0493277908330952,0.276344547,1
1.3,0.0563884637415576,0.289084577,1
1.4,0.0637548410756237,0.300769182,1
1.5,0.0714012509010313,0.311457043,1
1.6,0.0793034518324205,0.321203859,1
1.7,0.0874385604263726,0.330062497,1
1.8,0.095784982066862,0.338083127,1
1.9,0.104322345235197,0.345313357,1
2,0.113031439021855,0.351798364,1
2.1,0.121894153729778,0.357581007,1
2.2,0.130893424420582,0.362701947,1
2.3,0.140013177260422,0.367199757,1
2.4,0.149238278528519,0.371111019,1
2.5,0.158554486157803,0.374470432,1
2.6,0.16794840368341,0.377310899,1
2.7,0.177407436480825,0.379663617,1
2.8,0.186919750181213,0.381558166,1
2.9,0.196474231156997,0.383022585,1
3,0.206060448975968,0.38408345,1
3.1,0.215668620727162,0.384765949,1
3.2,0.225289577126521,0.385093949,1
3.3,0.234914730314804,0.385090063,1
3.4,0.244536043264536,0.384775713,1
3.5,0.254146000716834,0.384171188,1
3.6,0.26373758157283,0.383295702,1
3.7,0.273304232668095,0.382167449,1
3.8,0.282839843861974,0.38080365,1
3.9,0.292338724377071,0.379220607,1
4,0.301795580327301,0.377433747,1
4.1,0.311205493375929,0.375457664,1
4.2,0.320563900467895,0.373306165,1
4.3,0.329866574583461,0.370992305,1
4.4,0.339109606462775,0.36852843,1
4.5,0.34828938725346,0.36592621,1
4.6,0.357402592035654,0.363196671,1
4.7,0.366446164181163,0.360350233,1
4.8,0.375417300505525,0.357396737,1
4.9,0.384313437173795,0.354345474,1
5,0.393132236322772,0.351205216,1
5.1,0.401871573364237,0.34798424,1
5.2,0.410529524935495,0.344690353,1
5.3,0.419104357465162,0.34133092,1
5.4,0.42759451632373,0.337912881,1
5.5,0.435998615529917,0.334442775,1
5.6,0.444315427985239,0.330926763,1
5.7,0.452543876210605,0.327370644,1
5.8,0.460683023559995,0.323779876,1
5.9,0.468732065887539,0.320159593,1
6,0.476690323645443,0.316514619,1
6.1,0.484557234391355,0.31284949,1
6.2,0.492332345684766,0.309168463,1
6.3,0.500015308353096,0.305475534,1
6.4,0.507605870109024,0.301774452,1
6.5,0.515103869501557,0.298068728,1
6.6,0.52250923018417,0.294361653,1
6.7,0.529821955484182,0.290656304,1
6.8,0.53704212325832,0.28695556,1
6.9,0.544169881020138,0.28326211,1
7,0.551205441325685,0.279578463,1
7.1,0.558149077404479,0.275906959,1
7.2,0.565001119023486,0.272249776,1
7.3,0.571761948572393,0.268608941,1
7.4,0.57843199735906,0.264986336,1
7.5,0.585011742104578,0.261383709,1
7.6,0.591501701627874,0.257802676,1
7.7,0.597902433710309,0.254244734,1
7.8,0.60421453213118,0.250711264,1
7.9,0.610438623865494,0.247203536,1
8,0.616575366435796,0.24372272,1
8.1,0.62262544541025,0.240269887,1
8.2,0.628589572039557,0.236846018,1
8.3,0.634468481025642,0.233452007,1
8.4,0.640262928415432,0.230088664,1
8.5,0.64597368961332,0.226756724,1
8.6,0.651601557506288,0.22345685,1
8.7,0.657147340695917,0.220189634,1
8.8,0.662611861831809,0.216955604,1
8.9,0.667995956041235,0.21375523,1
9,0.673300469450049,0.21058892,1
9.1,0.678526257790191,0.207457032,1
9.2,0.683674185089295,0.204359871,1
9.3,0.688745122438175,0.201297695,1
9.4,0.693739946832148,0.198270717,1
9.5,0.698659540082376,0.195279107,1
9.6,0.703504787793567,0.192322998,1
9.7,0.708276578404601,0.189402482,1
9.8,0.712975802288776,0.186517621,1
9.9,0.71760335091056,0.18366844,1
10,0.72216011603588,0.180854935,1
10.1,0.726646988993139,0.178077075,1
10.2,0.731064859982265,0.1753348,1
10.3,0.73541461742927,0.172628027,1
10.4,0.739697147383891,0.169956648,1
10.5,0.743913332958023,0.167320535,1
10.6,0.748064053802757,0.164719539,1
10.7,0.75215018562197,0.162153492,1
10.8,0.756172599720482,0.15962221,1
10.9,0.760132162584927,0.15712549,1
11,0.764029735495555,0.154663117,1
11.1,0.767866174167295,0.152234862,1
11.2,0.771642328418462,0.149840482,1
11.3,0.775359041865614,0.147479722,1
11.4,0.779017151643096,0.145152318,1
11.5,0.782617488145916,0.142857995,1
11.6,0.786160874794655,0.140596469,1
11.7,0.78964812782117,0.138367449,1
11.8,0.793080056073936,0.136170635,1
11.9,0.7964574608419,0.134005721,1
12,0.799781135695801,0.131872396,1
12.1,0.80305186634597,0.129770342,1
12.2,0.806270430515631,0.127699237,1
12.3,0.80943759782884,0.125658755,1
12.4,0.81255412971218,0.123648567,1
12.5,0.815620779309419,0.121668338,1
12.6,0.818638291408357,0.119717734,1
12.7,0.821607402379137,0.117796416,1
12.8,0.824528840123328,0.115904045,1
12.9,0.82740332403313,0.11404028,1
13,0.830231564960069,0.112204777,1
13.1,0.833014265192618,0.110397195,1
13.2,0.835752118442155,0.10861719,1
13.3,0.838445809836763,0.106864419,1
13.4,0.841096015922342,0.105138537,1
13.5,0.843703404670584,0.103439203,1
13.6,0.846268635493348,0.101766074,1
13.7,0.84879235926301,0.10011881,1
13.8,0.851275218338399,0.098497069,1
13.9,0.853717846595921,0.096900514,1
14,0.856120869465517,0.095328807,1
14.1,0.858484903971126,0.093781613,1
14.2,0.860810558775309,0.092258598,1
14.3,0.863098434227742,0.090759431,1
14.4,0.865349122417291,0.089283782,1
14.5,0.867563207227387,0.087831325,1
14.6,0.86974126439445,0.086401734,1
14.7,0.871883861569117,0.084994687,1
14.8,0.87399155838004,0.083609865,1
14.9,0.876064906500044,0.082246951,1
15,0.878104449714428,0.08090563,1
15.1,0.88011072399123,0.079585592,1
15.2,0.882084257553259,0.078286528,1
15.3,0.884025570951732,0.077008133,1
15.4,0.885935177141343,0.075750103,1
15.5,0.887813581556624,0.074512141,1
15.6,0.889661282189442,0.07329395,1
15.7,0.891478769667499,0.072095236,1
15.8,0.893266527333707,0.07091571,1
15.9,0.895025031326327,0.069755086,1
16,0.896754750659736,0.06861308,1
16.1,0.89845614730574,0.067489412,1
16.2,0.900129676275319,0.066383805,1
16.3,0.901775785700708,0.065295986,1
16.4,0.903394916917743,0.064225685,1
16.5,0.904987504548361,0.063172633,1
16.6,0.906553976583208,0.062136569,1
16.7,0.908094754464256,0.061117232,1
16.8,0.909610253167374,0.060114365,1
16.9,0.911100881284795,0.059127713,1
17,0.912567041107402,0.058157027,1
17.1,0.914009128706791,0.05720206,1
17.2,0.915427534017061,0.056262567,1
17.3,0.916822640916273,0.055338308,1
17.4,0.918194827307535,0.054429045,1
17.5,0.919544465199688,0.053534546,1
17.6,0.920871920787524,0.052654577,1
17.7,0.922177554531532,0.051788913,1
17.8,0.923461721237116,0.050937327,1
17.9,0.92472477013327,0.0500996,1
18,0.925967044950669,0.049275511,1
18.1,0.927188883999159,0.048464847,1
18.2,0.928390620244623,0.047667394,1
18.3,0.929572581385196,0.046882944,1
18.4,0.930735089926807,0.04611129,1
18.5,0.931878463258046,0.045352229,1
18.6,0.933003013724318,0.044605561,1
18.7,0.934109048701289,0.043871089,1
18.8,0.935196870667593,0.043148618,1
18.9,0.936266777276809,0.042437957,1
19,0.937319061428676,0.041738917,1
19.1,0.938354011339553,0.041051312,1
19.2,0.939371910612111,0.040374958,1
19.3,0.940373038304248,0.039709676,1
19.4,0.941357668997226,0.039055288,1
19.5,0.942326072863019,0.038411618,1
19.6,0.943278515730876,0.037778495,1
19.7,0.944215259153091,0.037155748,1
19.8,0.945136560469979,0.036543211,1
19.9,0.946042672874057,0.035940718,1
20,0.946933845473434,0.035348108,1
20.1,0.947810323354399,0.034765221,1
20.2,0.948672347643217,0.0341919,1
20.3,0.949520155567137,0.03362799,1
20.4,0.950353980514603,0.033073338,1
20.5,0.951174052094678,0.032527796,1
20.6,0.951980596195688,0.031991214,1
20.7,0.95277383504307,0.031463449,1
20.8,0.953553987256462,0.030944356,1
20.9,0.954321267905998,0.030433795,1
21,0.955075888567849,0.029931627,1
21.1,0.955818057378988,0.029437715,1
21.2,0.956547979091206,0.028951927,1
21.3,0.957265855124366,0.028474128,1
21.4,0.957971883618909,0.028004189,1
21.5,0.95866625948762,0.027541982,1
21.6,0.959349174466659,0.027087381,1
21.7,0.960020817165858,0.026640262,1
21.8,0.960681373118296,0.026200503,1
21.9,0.96133102482916,0.025767984,1
22,0.961969951823888,0.025342585,1
22.1,0.962598330695623,0.024924192,1
22.2,0.963216335151953,0.02451269,1
22.3,0.96382413606098,0.024107965,1
22.4,0.964421901496693,0.023709908,1
22.5,0.965009796783677,0.023318409,1
22.6,0.965587984541152,0.02293336,1
22.7,0.966156624726349,0.022554656,1
22.8,0.966715874677242,0.022182193,1
22.9,0.967265889154626,0.02181587,1
23,0.967806820383572,0.021455584,1
23.1,0.968338818094239,0.021101238,1
23.2,0.968862029562074,0.020752734,1
23.3,0.969376599647396,0.020409976,1
23.4,0.969882670834372,0.02007287,1
23.5,0.970380383269399,0.019741322,1
23.6,0.970869874798892,0.019415243,1
23.7,0.971351281006491,0.019094542,1
23.8,0.97182473524969,0.01877913,1
23.9,0.972290368695902,0.018468922,1
24,0.972748310357962,0.018163831,1
24.1,0.973198687129073,0.017863773,1
24.2,0.973641623817217,0.017568666,1
24.3,0.974077243179019,0.017278428,1
24.4,0.974505665953082,0.016992979,1
24.5,0.974927010892802,0.016712241,1
24.6,0.975341394798668,0.016436136,1
24.7,0.975748932550045,0.016164587,1
24.8,0.97614973713647,0.01589752,1
24.9,0.976543919688436,0.015634861,1
25,0.976931589507706,0.015376538,1
25.1,0.977312854097134,0.015122479,1
25.2,0.977687819190019,0.014872614,1
25.3,0.978056588778991,0.014626873,1
25.4,0.978419265144438,0.01438519,1
25.5,0.978775948882476,0.014147497,1
25.6,0.979126738932481,0.013913728,1
25.7,0.979471732604175,0.013683819,1
25.8,0.979811025604275,0.013457707,1
25.9,0.980144712062728,0.013235328,1
26,0.980472884558513,0.013016621,1
26.1,0.980795634145039,0.012801525,1
26.2,0.981113050375123,0.012589982,1
26.3,0.981425221325579,0.012381932,1
26.4,0.981732233621405,0.012177319,1
26.5,0.982034172459583,0.011976084,1
26.6,0.982331121632489,0.011778174,1
26.7,0.982623163550935,0.011583532,1
26.8,0.982910379266832,0.011392105,1
26.9,0.983192848495487,0.011203839,1
27,0.983470649637549,0.011018684,1
27.1,0.98374385980058,0.010836587,1
27.2,0.984012554820299,0.010657498,1
27.3,0.984276809281469,0.010481367,1
27.4,0.984536696538444,0.010308146,1
27.5,0.984792288735392,0.010137787,1
27.6,0.985043656826178,0.009970242,1
27.7,0.985290870593937,0.009805464,1
27.8,0.985533998670316,0.009643409,1
27.9,0.98577310855441,0.009484032,1
28,0.986008266631393,0.009327287,1
28.1,0.986239538190834,0.009173132,1
28.2,0.986466987444729,0.009021524,1
28.3,0.986690677545228,0.008872421,1
28.4,0.986910670602077,0.008725781,1
28.5,0.987127027699778,0.008581565,1
28.6,0.987339808914463,0.008439731,1
28.7,0.987549073330501,0.008300241,1
28.8,0.987754879056821,0.008163055,1
28.9,0.987957283242984,0.008028137,1
29,0.988156342094977,0.007895447,1
29.1,0.988352110890763,0.007764951,1
29.2,0.988544643995561,0.00763661,1
29.3,0.988733994876894,0.007510391,1
29.4,0.988920216119372,0.007386257,1
29.5,0.98910335943925,0.007264174,1
29.6,0.989283475698731,0.007144109,1
29.7,0.989460614920054,0.007026028,1
29.8,0.989634826299329,0.006909898,1
29.9,0.989806158220164,0.006795688,1
30,0.98997465826706,0.006683364,1
30.1,0.990140373238582,0.006572897,1
30.2,0.990303349160328,0.006464256,1
30.3,0.990463631297669,0.00635741,1
30.4,0.990621264168288,0.006252329,1
30.5,0.990776291554518,0.006148986,1
30.6,0.990928756515464,0.00604735,1
30.7,0.991078701398939,0.005947394,1
30.8,0.991226167853197,0.00584909,1
30.9,0.991371196838472,0.00575241,1
31,0.991513828638335,0.005657328,1
31.1,0.991654102870855,0.005563818,1
31.2,0.991792058499583,0.005471853,1
31.3,0.99192773384435,0.005381408,1
31.4,0.992061166591897,0.005292458,1
31.5,0.992192393806316,0.005204978,1
31.6,0.992321451939332,0.005118944,1
31.7,0.992448376840409,0.005034331,1
31.8,0.992573203766691,0.004951118,1
31.9,0.992695967392779,0.004869279,1
32,0.992816701820351,0.004788793,1
32.1,0.992935440587616,0.004709637,1
32.2,0.99305221667862,0.00463179,1
32.3,0.993167062532392,0.004555229,1
32.4,0.993280010051949,0.004479934,1
32.5,0.993391090613136,0.004405883,1
32.6,0.993500335073344,0.004333056,1
32.7,0.993607773780057,0.004261433,1
32.8,0.993713436579284,0.004190994,1
32.9,0.993817352823835,0.004121719,1
33,0.993919551381464,0.004053589,1
33.1,0.994020060642884,0.003986585,1
33.2,0.994118908529644,0.003920688,1
33.3,0.994216122501876,0.003855881,1
33.4,0.994311729565918,0.003792144,1
33.5,0.994405756281807,0.003729462,1
33.6,0.994498228770654,0.003667815,1
33.7,0.994589172721892,0.003607187,1
33.8,0.994678613400404,0.003547562,1
33.9,0.994766575653542,0.003488922,1
34,0.994853083918018,0.003431251,1
34.1,0.994938162226692,0.003374533,1
34.2,0.99502183421524,0.003318753,1
34.3,0.995104123128717,0.003263895,1
34.4,0.995185051828012,0.003209944,1
34.5,0.99526464279619,0.003156884,1
34.6,0.995342918144739,0.003104702,1
34.7,0.995419899619707,0.003053382,1
34.8,0.995495608607737,0.00300291,1
34.9,0.995570066142009,0.002953272,1
35,0.995643292908079,0.002904455,1
35.1,0.995715309249618,0.002856445,1
35.2,0.995786135174069,0.002809229,1
35.3,0.995855790358195,0.002762793,1
35.4,0.995924294153549,0.002717124,1
35.5,0.995991665591839,0.00267221,1
35.6,0.996057923390225,0.002628039,1
35.7,0.996123085956505,0.002584598,1
35.8,0.996187171394233,0.002541875,1
35.9,0.996250197507746,0.002499858,1
36,0.996312181807107,0.002458536,1
36.1,0.996373141512967,0.002417896,1
36.2,0.99643309356135,0.002377929,1
36.3,0.996492054608354,0.002338622,1
36.4,0.996550041034779,0.002299965,1
36.5,0.996607068950674,0.002261946,1
36.6,0.996663154199813,0.002224557,1
36.7,0.996718312364096,0.002187785,1
36.8,0.996772558767873,0.002151621,1
36.9,0.996825908482204,0.002116055,1
37,0.996878376329043,0.002081077,1
37.1,0.996929976885356,0.002046676,1
37.2,0.996980724487168,0.002012845,1
37.3,0.997030633233547,0.001979573,1
37.4,0.997079716990518,0.00194685,1
37.5,0.997127989394916,0.001914669,1
37.6,0.997175463858172,0.00188302,1
37.7,0.99722215357004,0.001851893,1
37.8,0.99726807150226,0.001821282,1
37.9,0.997313230412161,0.001791176,1
38,0.997357642846204,0.001761568,1
38.1,0.99740132114347,0.001732449,1
38.2,0.997444277439081,0.001703812,1
38.3,0.997486523667579,0.001675648,1
38.4,0.997528071566235,0.001647949,1
38.5,0.997568932678312,0.001620709,1
38.6,0.997609118356271,0.001593918,1
38.7,0.997648639764926,0.001567571,1
38.8,0.997687507884541,0.001541659,1
38.9,0.997725733513886,0.001516175,1
39,0.997763327273233,0.001491113,1
39.1,0.997800299607306,0.001466465,1
39.2,0.997836660788186,0.001442224,1
39.3,0.997872420918159,0.001418384,1
39.4,0.997907589932528,0.001394938,1
39.5,0.99794217760237,0.00137188,1
39.6,0.99797619353725,0.001349203,1
39.7,0.998009647187892,0.0013269,1
39.8,0.998042547848803,0.001304967,1
39.9,0.998074904660856,0.001283396,1
40,0.998106726613831,0.001262181,1
40.1,0.998138022548909,0.001241317,1
40.2,0.998168801161129,0.001220798,1
40.3,0.998199071001804,0.001200618,1
40.4,0.998228840480899,0.001180772,1
40.5,0.998258117869363,0.001161254,1
40.6,0.99828691130143,0.001142058,1
40.7,0.998315228776877,0.00112318,1
40.8,0.998343078163248,0.001104614,1
40.9,0.998370467198038,0.001086354,1
41,0.998397403490842,0.001068397,1
41.1,0.998423894525474,0.001050736,1
41.2,0.998449947662038,0.001033368,1
41.3,0.998475570138982,0.001016286,1
41.4,0.998500769075099,0.000999487,1
41.5,0.998525551471514,0.000982965,1
41.6,0.998549924213622,0.000966717,1
41.7,0.998573894073006,0.000950737,1
41.8,0.998597467709315,0.000935021,1
41.9,0.998620651672115,0.000919565,1
42,0.99864345240271,0.000904365,1
42.1,0.998665876235928,0.000889415,1
42.2,0.998687929401886,0.000874713,1
42.3,0.998709618027716,0.000860254,1
42.4,0.99873094813927,0.000846034,1
42.5,0.998751925662794,0.000832049,1
42.6,0.998772556426573,0.000818295,1
42.7,0.998792846162552,0.000804769,1
42.8,0.998812800507927,0.000791466,1
42.9,0.998832425006712,0.000778383,1
43,0.998851725111279,0.000765516,1
43.1,0.998870706183873,0.000752862,1
43.2,0.998889373498101,0.000740417,1
43.3,0.998907732240398,0.000728178,1
43.4,0.998925787511467,0.000716141,1
43.5,0.998943544327698,0.000704304,1
43.6,0.998961007622561,0.000692661,1
43.7,0.998978182247972,0.000681212,1
43.8,0.99899507297565,0.000669951,1
43.9,0.999011684498436,0.000658877,1
44,0.999028021431597,0.000647986,1
44.1,0.999044088314111,0.000637274,1
44.2,0.999059889609927,0.00062674,1
44.3,0.999075429709206,0.00061638,1
44.4,0.999090712929537,0.000606191,1
44.5,0.999105743517143,0.000596171,1
44.6,0.999120525648054,0.000586316,1
44.7,0.999135063429272,0.000576624,1
44.8,0.999149360899909,0.000567093,1
44.9,0.999163422032312,0.000557719,1
45,0.999177250733165,0.000548499,1
45.1,0.999190850844573,0.000539433,1
45.2,0.999204226145133,0.000530516,1
45.3,0.999217380350981,0.000521746,1
45.4,0.999230317116823,0.000513122,1
45.5,0.999243040036957,0.00050464,1
45.6,0.999255552646264,0.000496298,1
45.7,0.999267858421194,0.000488094,1
45.8,0.999279960780733,0.000480026,1
45.9,0.999291863087349,0.000472091,1
46,0.99930356864793,0.000464288,1
46.1,0.999315080714698,0.000456613,1
46.2,0.99932640248612,0.000449065,1
46.3,0.999337537107789,0.000441642,1
46.4,0.999348487673304,0.000434341,1
46.5,0.999359257225124,0.000427162,1
46.6,0.999369848755416,0.000420101,1
46.7,0.99938026520689,0.000413156,1
46.8,0.999390509473608,0.000406327,1
46.9,0.999400584401798,0.00039961,1
47,0.999410492790636,0.000393005,1
47.1,0.99942023739303,0.000386508,1
47.2,0.99942982091638,0.000380119,1
47.3,0.999439246023334,0.000373836,1
47.4,0.999448515332526,0.000367656,1
47.5,0.999457631419304,0.000361579,1
47.6,0.999466596816446,0.000355602,1
47.7,0.999475414014861,0.000349724,1
47.8,0.999484085464286,0.000343943,1
47.9,0.999492613573961,0.000338258,1
48,0.999501000713303,0.000332666,1
48.1,0.999509249212563,0.000327167,1
48.2,0.999517361363469,0.000321759,1
48.3,0.999525339419872,0.00031644,1
48.4,0.999533185598362,0.00031121,1
48.5,0.999540902078892,0.000306065,1
48.6,0.999548491005378,0.000301006,1
48.7,0.999555954486298,0.00029603,1
48.8,0.999563294595277,0.000291137,1
48.9,0.999570513371662,0.000286324,1
49,0.99957761282109,0.000281591,1
49.1,0.999584594916046,0.000276937,1
49.2,0.999591461596406,0.000272359,1
49.3,0.999598214769983,0.000267857,1
49.4,0.999604856313054,0.000263429,1
49.5,0.999611388070878,0.000259075,1
49.6,0.999617811858214,0.000254792,1
49.7,0.999624129459823,0.00025058,1
49.8,0.999630342630963,0.000246438,1
49.9,0.999636453097879,0.000242365,1
50,0.999642462558277,0.000238358,1
